DATE,DTB3
2010-01-01,
2010-01-04,0.08
2010-01-05,0.07
2010-01-06,0.06
2010-01-07,0.05
2010-01-08,0.05
2010-01-11,0.04
2010-01-12,0.05
2010-01-13,0.06
2010-01-14,0.05
2010-01-15,0.06
2010-01-18,
2010-01-19,0.06
2010-01-20,0.05
2010-01-21,0.06
2010-01-22,0.06
2010-01-25,0.06
2010-01-26,0.07
2010-01-27,0.08
2010-01-28,0.08
2010-01-29,0.08
2010-02-01,0.1
2010-02-02,0.1
2010-02-03,0.1
2010-02-04,0.09
2010-02-05,0.1
2010-02-08,0.12
2010-02-09,0.12
2010-02-10,0.11
2010-02-11,0.11
2010-02-12,0.1
2010-02-15,
2010-02-16,0.1
2010-02-17,0.1
2010-02-18,0.1
2010-02-19,0.11
2010-02-22,0.11
2010-02-23,0.12
2010-02-24,0.12
2010-02-25,0.13
2010-02-26,0.13
2010-03-01,0.13
2010-03-02,0.14
2010-03-03,0.14
2010-03-04,0.14
2010-03-05,0.15
2010-03-08,0.16
2010-03-09,0.16
2010-03-10,0.15
2010-03-11,0.16
2010-03-12,0.15
2010-03-15,0.17
2010-03-16,0.16
2010-03-17,0.15
2010-03-18,0.16
2010-03-19,0.16
2010-03-22,0.15
2010-03-23,0.14
2010-03-24,0.14
2010-03-25,0.14
2010-03-26,0.14
2010-03-29,0.15
2010-03-30,0.16
2010-03-31,0.16
2010-04-01,0.16
2010-04-02,0.16
2010-04-05,0.18
2010-04-06,0.17
2010-04-07,0.17
2010-04-08,0.17
2010-04-09,0.16
2010-04-12,0.16
2010-04-13,0.16
2010-04-14,0.16
2010-04-15,0.16
2010-04-16,0.16
2010-04-19,0.16
2010-04-20,0.16
2010-04-21,0.15
2010-04-22,0.16
2010-04-23,0.16
2010-04-26,0.16
2010-04-27,0.16
2010-04-28,0.16
2010-04-29,0.17
2010-04-30,0.16
2010-05-03,0.17
2010-05-04,0.16
2010-05-05,0.15
2010-05-06,0.11
2010-05-07,0.13
2010-05-10,0.16
2010-05-11,0.16
2010-05-12,0.16
2010-05-13,0.16
2010-05-14,0.16
2010-05-17,0.16
2010-05-18,0.17
2010-05-19,0.17
2010-05-20,0.17
2010-05-21,0.17
2010-05-24,0.17
2010-05-25,0.17
2010-05-26,0.17
2010-05-27,0.17
2010-05-28,0.16
2010-05-31,
2010-06-01,0.16
2010-06-02,0.16
2010-06-03,0.14
2010-06-04,0.14
2010-06-07,0.12
2010-06-08,0.12
2010-06-09,0.1
2010-06-10,0.1
2010-06-11,0.08
2010-06-14,0.07
2010-06-15,0.09
2010-06-16,0.1
2010-06-17,0.09
2010-06-18,0.11
2010-06-21,0.12
2010-06-22,0.13
2010-06-23,0.13
2010-06-24,0.13
2010-06-25,0.13
2010-06-28,0.17
2010-06-29,0.15
2010-06-30,0.18
2010-07-01,0.17
2010-07-02,0.17
2010-07-05,
2010-07-06,0.17
2010-07-07,0.16
2010-07-08,0.15
2010-07-09,0.16
2010-07-12,0.16
2010-07-13,0.15
2010-07-14,0.15
2010-07-15,0.15
2010-07-16,0.15
2010-07-19,0.17
2010-07-20,0.16
2010-07-21,0.16
2010-07-22,0.16
2010-07-23,0.16
2010-07-26,0.16
2010-07-27,0.15
2010-07-28,0.15
2010-07-29,0.15
2010-07-30,0.15
2010-08-02,0.16
2010-08-03,0.16
2010-08-04,0.16
2010-08-05,0.15
2010-08-06,0.15
2010-08-09,0.15
2010-08-10,0.15
2010-08-11,0.15
2010-08-12,0.16
2010-08-13,0.15
2010-08-16,0.16
2010-08-17,0.17
2010-08-18,0.16
2010-08-19,0.16
2010-08-20,0.15
2010-08-23,0.16
2010-08-24,0.16
2010-08-25,0.16
2010-08-26,0.16
2010-08-27,0.15
2010-08-30,0.14
2010-08-31,0.14
2010-09-01,0.13
2010-09-02,0.14
2010-09-03,0.14
2010-09-06,
2010-09-07,0.14
2010-09-08,0.14
2010-09-09,0.14
2010-09-10,0.14
2010-09-13,0.15
2010-09-14,0.15
2010-09-15,0.15
2010-09-16,0.16
2010-09-17,0.16
2010-09-20,0.17
2010-09-21,0.17
2010-09-22,0.16
2010-09-23,0.16
2010-09-24,0.15
2010-09-27,0.16
2010-09-28,0.16
2010-09-29,0.16
2010-09-30,0.16
2010-10-01,0.16
2010-10-04,0.13
2010-10-05,0.12
2010-10-06,0.13
2010-10-07,0.13
2010-10-08,0.12
2010-10-11,
2010-10-12,0.13
2010-10-13,0.13
2010-10-14,0.14
2010-10-15,0.14
2010-10-18,0.15
2010-10-19,0.14
2010-10-20,0.14
2010-10-21,0.13
2010-10-22,0.13
2010-10-25,0.14
2010-10-26,0.14
2010-10-27,0.14
2010-10-28,0.13
2010-10-29,0.12
2010-11-01,0.13
2010-11-02,0.13
2010-11-03,0.13
2010-11-04,0.13
2010-11-05,0.13
2010-11-08,0.13
2010-11-09,0.13
2010-11-10,0.13
2010-11-11,
2010-11-12,0.13
2010-11-15,0.14
2010-11-16,0.15
2010-11-17,0.14
2010-11-18,0.15
2010-11-19,0.14
2010-11-22,0.15
2010-11-23,0.15
2010-11-24,0.16
2010-11-25,
2010-11-26,0.16
2010-11-29,0.18
2010-11-30,0.17
2010-12-01,0.16
2010-12-02,0.16
2010-12-03,0.14
2010-12-06,0.15
2010-12-07,0.14
2010-12-08,0.15
2010-12-09,0.14
2010-12-10,0.13
2010-12-13,0.15
2010-12-14,0.15
2010-12-15,0.14
2010-12-16,0.13
2010-12-17,0.11
2010-12-20,0.14
2010-12-21,0.14
2010-12-22,0.14
2010-12-23,0.14
2010-12-24,
2010-12-27,0.17
2010-12-28,0.15
2010-12-29,0.13
2010-12-30,0.12
2010-12-31,0.12
2011-01-03,0.15
2011-01-04,0.14
2011-01-05,0.14
2011-01-06,0.15
2011-01-07,0.14
2011-01-10,0.15
2011-01-11,0.15
2011-01-12,0.15
2011-01-13,0.15
2011-01-14,0.15
2011-01-17,
2011-01-18,0.16
2011-01-19,0.16
2011-01-20,0.16
2011-01-21,0.16
2011-01-24,0.16
2011-01-25,0.16
2011-01-26,0.16
2011-01-27,0.15
2011-01-28,0.15
2011-01-31,0.15
2011-02-01,0.15
2011-02-02,0.16
2011-02-03,0.14
2011-02-04,0.15
2011-02-07,0.16
2011-02-08,0.15
2011-02-09,0.14
2011-02-10,0.12
2011-02-11,0.12
2011-02-14,0.13
2011-02-15,0.13
2011-02-16,0.12
2011-02-17,0.09
2011-02-18,0.1
2011-02-21,
2011-02-22,0.12
2011-02-23,0.12
2011-02-24,0.13
2011-02-25,0.13
2011-02-28,0.15
2011-03-01,0.14
2011-03-02,0.13
2011-03-03,0.13
2011-03-04,0.12
2011-03-07,0.11
2011-03-08,0.11
2011-03-09,0.1
2011-03-10,0.08
2011-03-11,0.08
2011-03-14,0.09
2011-03-15,0.1
2011-03-16,0.1
2011-03-17,0.08
2011-03-18,0.07
2011-03-21,0.1
2011-03-22,0.1
2011-03-23,0.09
2011-03-24,0.09
2011-03-25,0.09
2011-03-28,0.11
2011-03-29,0.1
2011-03-30,0.1
2011-03-31,0.09
2011-04-01,0.07
2011-04-04,0.06
2011-04-05,0.07
2011-04-06,0.06
2011-04-07,0.04
2011-04-08,0.04
2011-04-11,0.05
2011-04-12,0.05
2011-04-13,0.06
2011-04-14,0.07
2011-04-15,0.07
2011-04-18,0.07
2011-04-19,0.06
2011-04-20,0.06
2011-04-21,0.06
2011-04-22,
2011-04-25,0.07
2011-04-26,0.07
2011-04-27,0.06
2011-04-28,0.04
2011-04-29,0.04
2011-05-02,0.05
2011-05-03,0.03
2011-05-04,0.03
2011-05-05,0.02
2011-05-06,0.02
2011-05-09,0.03
2011-05-10,0.03
2011-05-11,0.03
2011-05-12,0.02
2011-05-13,0.03
2011-05-16,0.04
2011-05-17,0.04
2011-05-18,0.05
2011-05-19,0.05
2011-05-20,0.05
2011-05-23,0.06
2011-05-24,0.06
2011-05-25,0.06
2011-05-26,0.05
2011-05-27,0.05
2011-05-30,
2011-05-31,0.06
2011-06-01,0.05
2011-06-02,0.04
2011-06-03,0.04
2011-06-06,0.05
2011-06-07,0.05
2011-06-08,0.04
2011-06-09,0.05
2011-06-10,0.05
2011-06-13,0.05
2011-06-14,0.05
2011-06-15,0.05
2011-06-16,0.05
2011-06-17,0.04
2011-06-20,0.03
2011-06-21,0.03
2011-06-22,0.02
2011-06-23,0.01
2011-06-24,0.02
2011-06-27,0.02
2011-06-28,0.03
2011-06-29,0.02
2011-06-30,0.03
2011-07-01,0.02
2011-07-04,
2011-07-05,0.02
2011-07-06,0.01
2011-07-07,0.03
2011-07-08,0.03
2011-07-11,0.03
2011-07-12,0.03
2011-07-13,0.01
2011-07-14,0.01
2011-07-15,0.02
2011-07-18,0.02
2011-07-19,0.03
2011-07-20,0.02
2011-07-21,0.05
2011-07-22,0.05
2011-07-25,0.05
2011-07-26,0.07
2011-07-27,0.08
2011-07-28,0.07
2011-07-29,0.1
2011-08-01,0.1
2011-08-02,0.06
2011-08-03,0.02
2011-08-04,0.02
2011-08-05,0.01
2011-08-08,0.05
2011-08-09,0.03
2011-08-10,0.02
2011-08-11,0.03
2011-08-12,0.02
2011-08-15,0.02
2011-08-16,0.03
2011-08-17,0.01
2011-08-18,0.01
2011-08-19,0.02
2011-08-22,0.01
2011-08-23,0.01
2011-08-24,0.02
2011-08-25,0.01
2011-08-26,0.01
2011-08-29,0.02
2011-08-30,0.01
2011-08-31,0.02
2011-09-01,0.02
2011-09-02,0.02
2011-09-05,
2011-09-06,0.02
2011-09-07,0.02
2011-09-08,0.02
2011-09-09,0.01
2011-09-12,0.01
2011-09-13,0.01
2011-09-14,0.01
2011-09-15,0.01
2011-09-16,0.01
2011-09-19,0.01
2011-09-20,0.01
2011-09-21,0.01
2011-09-22,0.0
2011-09-23,0.01
2011-09-26,0.02
2011-09-27,0.01
2011-09-28,0.02
2011-09-29,0.02
2011-09-30,0.02
2011-10-03,0.02
2011-10-04,0.01
2011-10-05,0.0
2011-10-06,0.01
2011-10-07,0.01
2011-10-10,
2011-10-11,0.02
2011-10-12,0.02
2011-10-13,0.02
2011-10-14,0.02
2011-10-17,0.04
2011-10-18,0.04
2011-10-19,0.03
2011-10-20,0.03
2011-10-21,0.02
2011-10-24,0.02
2011-10-25,0.01
2011-10-26,0.02
2011-10-27,0.02
2011-10-28,0.01
2011-10-31,0.01
2011-11-01,0.01
2011-11-02,0.01
2011-11-03,0.01
2011-11-04,0.01
2011-11-07,0.01
2011-11-08,0.01
2011-11-09,0.01
2011-11-10,0.01
2011-11-11,
2011-11-14,0.01
2011-11-15,0.01
2011-11-16,0.01
2011-11-17,0.02
2011-11-18,0.01
2011-11-21,0.02
2011-11-22,0.02
2011-11-23,0.02
2011-11-24,
2011-11-25,0.02
2011-11-28,0.03
2011-11-29,0.02
2011-11-30,0.01
2011-12-01,0.01
2011-12-02,0.02
2011-12-05,0.01
2011-12-06,0.01
2011-12-07,0.02
2011-12-08,0.01
2011-12-09,0.01
2011-12-12,0.01
2011-12-13,0.01
2011-12-14,0.01
2011-12-15,0.0
2011-12-16,0.0
2011-12-19,0.01
2011-12-20,0.01
2011-12-21,0.01
2011-12-22,0.01
2011-12-23,0.01
2011-12-26,
2011-12-27,0.02
2011-12-28,0.01
2011-12-29,0.02
2011-12-30,0.02
2012-01-02,
2012-01-03,0.02
2012-01-04,0.02
2012-01-05,0.02
2012-01-06,0.02
2012-01-09,0.01
2012-01-10,0.02
2012-01-11,0.02
2012-01-12,0.03
2012-01-13,0.03
2012-01-16,
2012-01-17,0.03
2012-01-18,0.03
2012-01-19,0.05
2012-01-20,0.05
2012-01-23,0.04
2012-01-24,0.04
2012-01-25,0.04
2012-01-26,0.05
2012-01-27,0.06
2012-01-30,0.05
2012-01-31,0.06
2012-02-01,0.06
2012-02-02,0.08
2012-02-03,0.08
2012-02-06,0.08
2012-02-07,0.08
2012-02-08,0.09
2012-02-09,0.09
2012-02-10,0.09
2012-02-13,0.11
2012-02-14,0.12
2012-02-15,0.11
2012-02-16,0.1
2012-02-17,0.09
2012-02-20,
2012-02-21,0.08
2012-02-22,0.09
2012-02-23,0.09
2012-02-24,0.1
2012-02-27,0.12
2012-02-28,0.1
2012-02-29,0.08
2012-03-01,0.08
2012-03-02,0.07
2012-03-05,0.08
2012-03-06,0.08
2012-03-07,0.08
2012-03-08,0.08
2012-03-09,0.09
2012-03-12,0.09
2012-03-13,0.08
2012-03-14,0.09
2012-03-15,0.08
2012-03-16,0.09
2012-03-19,0.1
2012-03-20,0.1
2012-03-21,0.09
2012-03-22,0.08
2012-03-23,0.08
2012-03-26,0.09
2012-03-27,0.09
2012-03-28,0.09
2012-03-29,0.07
2012-03-30,0.07
2012-04-02,0.08
2012-04-03,0.08
2012-04-04,0.08
2012-04-05,0.08
2012-04-06,0.07
2012-04-09,0.09
2012-04-10,0.09
2012-04-11,0.09
2012-04-12,0.09
2012-04-13,0.09
2012-04-16,0.08
2012-04-17,0.08
2012-04-18,0.07
2012-04-19,0.07
2012-04-20,0.08
2012-04-23,0.08
2012-04-24,0.09
2012-04-25,0.09
2012-04-26,0.09
2012-04-27,0.09
2012-04-30,0.1
2012-05-01,0.09
2012-05-02,0.08
2012-05-03,0.09
2012-05-04,0.07
2012-05-07,0.1
2012-05-08,0.09
2012-05-09,0.09
2012-05-10,0.1
2012-05-11,0.1
2012-05-14,0.1
2012-05-15,0.09
2012-05-16,0.1
2012-05-17,0.1
2012-05-18,0.08
2012-05-21,0.09
2012-05-22,0.09
2012-05-23,0.09
2012-05-24,0.1
2012-05-25,0.09
2012-05-28,
2012-05-29,0.09
2012-05-30,0.07
2012-05-31,0.07
2012-06-01,0.07
2012-06-04,0.08
2012-06-05,0.08
2012-06-06,0.09
2012-06-07,0.09
2012-06-08,0.09
2012-06-11,0.09
2012-06-12,0.1
2012-06-13,0.1
2012-06-14,0.11
2012-06-15,0.09
2012-06-18,0.1
2012-06-19,0.09
2012-06-20,0.09
2012-06-21,0.09
2012-06-22,0.09
2012-06-25,0.1
2012-06-26,0.1
2012-06-27,0.09
2012-06-28,0.09
2012-06-29,0.09
2012-07-02,0.1
2012-07-03,0.09
2012-07-04,
2012-07-05,0.08
2012-07-06,0.08
2012-07-09,0.09
2012-07-10,0.09
2012-07-11,0.1
2012-07-12,0.1
2012-07-13,0.1
2012-07-16,0.1
2012-07-17,0.1
2012-07-18,0.09
2012-07-19,0.09
2012-07-20,0.09
2012-07-23,0.1
2012-07-24,0.1
2012-07-25,0.1
2012-07-26,0.11
2012-07-27,0.11
2012-07-30,0.11
2012-07-31,0.11
2012-08-01,0.1
2012-08-02,0.09
2012-08-03,0.09
2012-08-06,0.1
2012-08-07,0.11
2012-08-08,0.11
2012-08-09,0.11
2012-08-10,0.1
2012-08-13,0.11
2012-08-14,0.11
2012-08-15,0.09
2012-08-16,0.09
2012-08-17,0.09
2012-08-20,0.11
2012-08-21,0.11
2012-08-22,0.11
2012-08-23,0.11
2012-08-24,0.1
2012-08-27,0.11
2012-08-28,0.1
2012-08-29,0.12
2012-08-30,0.1
2012-08-31,0.09
2012-09-03,
2012-09-04,0.1
2012-09-05,0.11
2012-09-06,0.11
2012-09-07,0.11
2012-09-10,0.1
2012-09-11,0.1
2012-09-12,0.1
2012-09-13,0.1
2012-09-14,0.11
2012-09-17,0.11
2012-09-18,0.1
2012-09-19,0.11
2012-09-20,0.11
2012-09-21,0.11
2012-09-24,0.11
2012-09-25,0.11
2012-09-26,0.11
2012-09-27,0.09
2012-09-28,0.1
2012-10-01,0.09
2012-10-02,0.09
2012-10-03,0.09
2012-10-04,0.1
2012-10-05,0.11
2012-10-08,
2012-10-09,0.1
2012-10-10,0.1
2012-10-11,0.1
2012-10-12,0.11
2012-10-15,0.11
2012-10-16,0.09
2012-10-17,0.11
2012-10-18,0.1
2012-10-19,0.1
2012-10-22,0.1
2012-10-23,0.11
2012-10-24,0.11
2012-10-25,0.11
2012-10-26,0.12
2012-10-29,0.14
2012-10-30,
2012-10-31,0.11
2012-11-01,0.09
2012-11-02,0.09
2012-11-05,0.11
2012-11-06,0.1
2012-11-07,0.1
2012-11-08,0.1
2012-11-09,0.09
2012-11-12,
2012-11-13,0.11
2012-11-14,0.1
2012-11-15,0.08
2012-11-16,0.06
2012-11-19,0.09
2012-11-20,0.08
2012-11-21,0.1
2012-11-22,
2012-11-23,0.1
2012-11-26,0.1
2012-11-27,0.1
2012-11-28,0.1
2012-11-29,0.09
2012-11-30,0.08
2012-12-03,0.1
2012-12-04,0.1
2012-12-05,0.1
2012-12-06,0.1
2012-12-07,0.09
2012-12-10,0.09
2012-12-11,0.08
2012-12-12,0.07
2012-12-13,0.06
2012-12-14,0.04
2012-12-17,0.05
2012-12-18,0.06
2012-12-19,0.05
2012-12-20,0.06
2012-12-21,0.06
2012-12-24,0.06
2012-12-25,
2012-12-26,0.09
2012-12-27,0.08
2012-12-28,0.01
2012-12-31,0.05
2013-01-01,
2013-01-02,0.08
2013-01-03,0.08
2013-01-04,0.07
2013-01-07,0.07
2013-01-08,0.07
2013-01-09,0.06
2013-01-10,0.06
2013-01-11,0.07
2013-01-14,0.08
2013-01-15,0.09
2013-01-16,0.08
2013-01-17,0.07
2013-01-18,0.08
2013-01-21,
2013-01-22,0.08
2013-01-23,0.08
2013-01-24,0.08
2013-01-25,0.08
2013-01-28,0.07
2013-01-29,0.07
2013-01-30,0.07
2013-01-31,0.07
2013-02-01,0.06
2013-02-04,0.07
2013-02-05,0.07
2013-02-06,0.07
2013-02-07,0.07
2013-02-08,0.07
2013-02-11,0.09
2013-02-12,0.09
2013-02-13,0.1
2013-02-14,0.11
2013-02-15,0.1
2013-02-18,
2013-02-19,0.12
2013-02-20,0.12
2013-02-21,0.13
2013-02-22,0.13
2013-02-25,0.12
2013-02-26,0.14
2013-02-27,0.11
2013-02-28,0.11
2013-03-01,0.11
2013-03-04,0.11
2013-03-05,0.08
2013-03-06,0.1
2013-03-07,0.1
2013-03-08,0.1
2013-03-11,0.1
2013-03-12,0.1
2013-03-13,0.09
2013-03-14,0.1
2013-03-15,0.09
2013-03-18,0.07
2013-03-19,0.07
2013-03-20,0.07
2013-03-21,0.07
2013-03-22,0.07
2013-03-25,0.08
2013-03-26,0.07
2013-03-27,0.09
2013-03-28,0.07
2013-03-29,
2013-04-01,0.08
2013-04-02,0.07
2013-04-03,0.06
2013-04-04,0.07
2013-04-05,0.07
2013-04-08,0.07
2013-04-09,0.06
2013-04-10,0.07
2013-04-11,0.07
2013-04-12,0.06
2013-04-15,0.06
2013-04-16,0.06
2013-04-17,0.06
2013-04-18,0.05
2013-04-19,0.05
2013-04-22,0.05
2013-04-23,0.05
2013-04-24,0.06
2013-04-25,0.05
2013-04-26,0.05
2013-04-29,0.05
2013-04-30,0.05
2013-05-01,0.06
2013-05-02,0.05
2013-05-03,0.05
2013-05-06,0.04
2013-05-07,0.04
2013-05-08,0.04
2013-05-09,0.04
2013-05-10,0.04
2013-05-13,0.05
2013-05-14,0.05
2013-05-15,0.04
2013-05-16,0.03
2013-05-17,0.04
2013-05-20,0.05
2013-05-21,0.04
2013-05-22,0.04
2013-05-23,0.05
2013-05-24,0.04
2013-05-27,
2013-05-28,0.05
2013-05-29,0.05
2013-05-30,0.04
2013-05-31,0.04
2013-06-03,0.05
2013-06-04,0.04
2013-06-05,0.05
2013-06-06,0.05
2013-06-07,0.04
2013-06-10,0.05
2013-06-11,0.05
2013-06-12,0.05
2013-06-13,0.05
2013-06-14,0.05
2013-06-17,0.05
2013-06-18,0.05
2013-06-19,0.05
2013-06-20,0.05
2013-06-21,0.05
2013-06-24,0.06
2013-06-25,0.06
2013-06-26,0.06
2013-06-27,0.06
2013-06-28,0.04
2013-07-01,0.04
2013-07-02,0.03
2013-07-03,0.05
2013-07-04,
2013-07-05,0.04
2013-07-08,0.05
2013-07-09,0.04
2013-07-10,0.04
2013-07-11,0.04
2013-07-12,0.04
2013-07-15,0.04
2013-07-16,0.03
2013-07-17,0.03
2013-07-18,0.03
2013-07-19,0.03
2013-07-22,0.04
2013-07-23,0.02
2013-07-24,0.03
2013-07-25,0.02
2013-07-26,0.03
2013-07-29,0.03
2013-07-30,0.04
2013-07-31,0.04
2013-08-01,0.04
2013-08-02,0.04
2013-08-05,0.05
2013-08-06,0.04
2013-08-07,0.05
2013-08-08,0.05
2013-08-09,0.05
2013-08-12,0.06
2013-08-13,0.06
2013-08-14,0.05
2013-08-15,0.05
2013-08-16,0.05
2013-08-19,0.06
2013-08-20,0.04
2013-08-21,0.04
2013-08-22,0.03
2013-08-23,0.03
2013-08-26,0.04
2013-08-27,0.05
2013-08-28,0.03
2013-08-29,0.02
2013-08-30,0.03
2013-09-02,
2013-09-03,0.02
2013-09-04,0.02
2013-09-05,0.02
2013-09-06,0.02
2013-09-09,0.02
2013-09-10,0.02
2013-09-11,0.02
2013-09-12,0.01
2013-09-13,0.01
2013-09-16,0.02
2013-09-17,0.01
2013-09-18,0.01
2013-09-19,0.01
2013-09-20,0.01
2013-09-23,0.02
2013-09-24,0.02
2013-09-25,0.02
2013-09-26,0.0
2013-09-27,0.02
2013-09-30,0.02
2013-10-01,0.02
2013-10-02,0.02
2013-10-03,0.03
2013-10-04,0.03
2013-10-07,0.03
2013-10-08,0.05
2013-10-09,0.05
2013-10-10,0.05
2013-10-11,0.08
2013-10-14,
2013-10-15,0.14
2013-10-16,0.1
2013-10-17,0.05
2013-10-18,0.04
2013-10-21,0.04
2013-10-22,0.04
2013-10-23,0.04
2013-10-24,0.03
2013-10-25,0.04
2013-10-28,0.04
2013-10-29,0.04
2013-10-30,0.04
2013-10-31,0.04
2013-11-01,0.04
2013-11-04,0.05
2013-11-05,0.05
2013-11-06,0.05
2013-11-07,0.05
2013-11-08,0.06
2013-11-11,
2013-11-12,0.08
2013-11-13,0.08
2013-11-14,0.08
2013-11-15,0.08
2013-11-18,0.09
2013-11-19,0.08
2013-11-20,0.08
2013-11-21,0.07
2013-11-22,0.07
2013-11-25,0.08
2013-11-26,0.07
2013-11-27,0.07
2013-11-28,
2013-11-29,0.06
2013-12-02,0.05
2013-12-03,0.06
2013-12-04,0.06
2013-12-05,0.06
2013-12-06,0.06
2013-12-09,0.07
2013-12-10,0.07
2013-12-11,0.07
2013-12-12,0.07
2013-12-13,0.07
2013-12-16,0.07
2013-12-17,0.07
2013-12-18,0.07
2013-12-19,0.06
2013-12-20,0.07
2013-12-23,0.07
2013-12-24,0.07
2013-12-25,
2013-12-26,0.07
2013-12-27,0.07
2013-12-30,0.07
2013-12-31,0.07
2014-01-01,
2014-01-02,0.07
2014-01-03,0.07
2014-01-06,0.05
2014-01-07,0.04
2014-01-08,0.05
2014-01-09,0.04
2014-01-10,0.05
2014-01-13,0.03
2014-01-14,0.04
2014-01-15,0.04
2014-01-16,0.04
2014-01-17,0.05
2014-01-20,
2014-01-21,0.04
2014-01-22,0.04
2014-01-23,0.04
2014-01-24,0.04
2014-01-27,0.05
2014-01-28,0.05
2014-01-29,0.04
2014-01-30,0.02
2014-01-31,0.02
2014-02-03,0.05
2014-02-04,0.06
2014-02-05,0.07
2014-02-06,0.07
2014-02-07,0.08
2014-02-10,0.07
2014-02-11,0.05
2014-02-12,0.05
2014-02-13,0.03
2014-02-14,0.02
2014-02-17,
2014-02-18,0.05
2014-02-19,0.06
2014-02-20,0.05
2014-02-21,0.05
2014-02-24,0.05
2014-02-25,0.05
2014-02-26,0.05
2014-02-27,0.04
2014-02-28,0.05
2014-03-03,0.05
2014-03-04,0.05
2014-03-05,0.06
2014-03-06,0.05
2014-03-07,0.06
2014-03-10,0.05
2014-03-11,0.05
2014-03-12,0.05
2014-03-13,0.05
2014-03-14,0.05
2014-03-17,0.06
2014-03-18,0.05
2014-03-19,0.06
2014-03-20,0.06
2014-03-21,0.06
2014-03-24,0.06
2014-03-25,0.05
2014-03-26,0.05
2014-03-27,0.04
2014-03-28,0.04
2014-03-31,0.05
2014-04-01,0.04
2014-04-02,0.02
2014-04-03,0.02
2014-04-04,0.03
2014-04-07,0.03
2014-04-08,0.03
2014-04-09,0.04
2014-04-10,0.04
2014-04-11,0.04
2014-04-14,0.04
2014-04-15,0.04
2014-04-16,0.04
2014-04-17,0.03
2014-04-18,
2014-04-21,0.04
2014-04-22,0.03
2014-04-23,0.02
2014-04-24,0.01
2014-04-25,0.03
2014-04-28,0.03
2014-04-29,0.02
2014-04-30,0.03
2014-05-01,0.03
2014-05-02,0.02
2014-05-05,0.03
2014-05-06,0.03
2014-05-07,0.03
2014-05-08,0.03
2014-05-09,0.03
2014-05-12,0.03
2014-05-13,0.03
2014-05-14,0.03
2014-05-15,0.03
2014-05-16,0.03
2014-05-19,0.03
2014-05-20,0.03
2014-05-21,0.04
2014-05-22,0.03
2014-05-23,0.04
2014-05-26,
2014-05-27,0.04
2014-05-28,0.04
2014-05-29,0.04
2014-05-30,0.04
2014-06-02,0.04
2014-06-03,0.04
2014-06-04,0.04
2014-06-05,0.04
2014-06-06,0.04
2014-06-09,0.04
2014-06-10,0.04
2014-06-11,0.04
2014-06-12,0.04
2014-06-13,0.04
2014-06-16,0.04
2014-06-17,0.04
2014-06-18,0.03
2014-06-19,0.02
2014-06-20,0.02
2014-06-23,0.03
2014-06-24,0.03
2014-06-25,0.03
2014-06-26,0.04
2014-06-27,0.03
2014-06-30,0.04
2014-07-01,0.02
2014-07-02,0.02
2014-07-03,0.01
2014-07-04,
2014-07-07,0.04
2014-07-08,0.03
2014-07-09,0.03
2014-07-10,0.02
2014-07-11,0.02
2014-07-14,0.03
2014-07-15,0.02
2014-07-16,0.02
2014-07-17,0.02
2014-07-18,0.02
2014-07-21,0.03
2014-07-22,0.03
2014-07-23,0.03
2014-07-24,0.03
2014-07-25,0.03
2014-07-28,0.04
2014-07-29,0.02
2014-07-30,0.04
2014-07-31,0.03
2014-08-01,0.03
2014-08-04,0.04
2014-08-05,0.03
2014-08-06,0.03
2014-08-07,0.03
2014-08-08,0.03
2014-08-11,0.04
2014-08-12,0.03
2014-08-13,0.04
2014-08-14,0.04
2014-08-15,0.03
2014-08-18,0.03
2014-08-19,0.03
2014-08-20,0.04
2014-08-21,0.02
2014-08-22,0.03
2014-08-25,0.04
2014-08-26,0.03
2014-08-27,0.04
2014-08-28,0.03
2014-08-29,0.03
2014-09-01,
2014-09-02,0.03
2014-09-03,0.03
2014-09-04,0.03
2014-09-05,0.03
2014-09-08,0.02
2014-09-09,0.02
2014-09-10,0.02
2014-09-11,0.02
2014-09-12,0.02
2014-09-15,0.02
2014-09-16,0.02
2014-09-17,0.02
2014-09-18,0.02
2014-09-19,0.02
2014-09-22,0.01
2014-09-23,0.01
2014-09-24,0.02
2014-09-25,0.01
2014-09-26,0.01
2014-09-29,0.02
2014-09-30,0.02
2014-10-01,0.02
2014-10-02,0.01
2014-10-03,0.01
2014-10-06,0.02
2014-10-07,0.02
2014-10-08,0.01
2014-10-09,0.01
2014-10-10,0.01
2014-10-13,
2014-10-14,0.02
2014-10-15,0.02
2014-10-16,0.03
2014-10-17,0.02
2014-10-20,0.02
2014-10-21,0.02
2014-10-22,0.02
2014-10-23,0.01
2014-10-24,0.01
2014-10-27,0.02
2014-10-28,0.02
2014-10-29,0.03
2014-10-30,0.01
2014-10-31,0.01
2014-11-03,0.02
2014-11-04,0.03
2014-11-05,0.03
2014-11-06,0.03
2014-11-07,0.03
2014-11-10,0.02
2014-11-11,
2014-11-12,0.02
2014-11-13,0.02
2014-11-14,0.02
2014-11-17,0.03
2014-11-18,0.02
2014-11-19,0.01
2014-11-20,0.02
2014-11-21,0.01
2014-11-24,0.02
2014-11-25,0.02
2014-11-26,0.02
2014-11-27,
2014-11-28,0.02
2014-12-01,0.03
2014-12-02,0.03
2014-12-03,0.01
2014-12-04,0.02
2014-12-05,0.02
2014-12-08,0.03
2014-12-09,0.04
2014-12-10,0.03
2014-12-11,0.03
2014-12-12,0.02
2014-12-15,0.04
2014-12-16,0.03
2014-12-17,0.03
2014-12-18,0.04
2014-12-19,0.04
2014-12-22,0.05
2014-12-23,0.03
2014-12-24,0.01
2014-12-25,
2014-12-26,0.01
2014-12-29,0.03
2014-12-30,0.03
2014-12-31,0.04
2015-01-01,
2015-01-02,0.02
2015-01-05,0.03
2015-01-06,0.03
2015-01-07,0.03
2015-01-08,0.03
2015-01-09,0.02
2015-01-12,0.03
2015-01-13,0.03
2015-01-14,0.04
2015-01-15,0.03
2015-01-16,0.03
2015-01-19,
2015-01-20,0.03
2015-01-21,0.03
2015-01-22,0.03
2015-01-23,0.02
2015-01-26,0.03
2015-01-27,0.02
2015-01-28,0.02
2015-01-29,0.03
2015-01-30,0.02
2015-02-02,0.02
2015-02-03,0.02
2015-02-04,0.01
2015-02-05,0.02
2015-02-06,0.02
2015-02-09,0.01
2015-02-10,0.01
2015-02-11,0.01
2015-02-12,0.02
2015-02-13,0.01
2015-02-16,
2015-02-17,0.02
2015-02-18,0.02
2015-02-19,0.02
2015-02-20,0.02
2015-02-23,0.02
2015-02-24,0.02
2015-02-25,0.02
2015-02-26,0.03
2015-02-27,0.02
2015-03-02,0.02
2015-03-03,0.02
2015-03-04,0.01
2015-03-05,0.02
2015-03-06,0.01
2015-03-09,0.02
2015-03-10,0.02
2015-03-11,0.03
2015-03-12,0.03
2015-03-13,0.03
2015-03-16,0.05
2015-03-17,0.05
2015-03-18,0.03
2015-03-19,0.03
2015-03-20,0.01
2015-03-23,0.03
2015-03-24,0.02
2015-03-25,0.04
2015-03-26,0.03
2015-03-27,0.04
2015-03-30,0.04
2015-03-31,0.03
2015-04-01,0.03
2015-04-02,0.02
2015-04-03,0.02
2015-04-06,0.03
2015-04-07,0.02
2015-04-08,0.03
2015-04-09,0.03
2015-04-10,0.02
2015-04-13,0.03
2015-04-14,0.02
2015-04-15,0.02
2015-04-16,0.02
2015-04-17,0.01
2015-04-20,0.03
2015-04-21,0.03
2015-04-22,0.03
2015-04-23,0.03
2015-04-24,0.03
2015-04-27,0.02
2015-04-28,0.02
2015-04-29,0.01
2015-04-30,0.01
2015-05-01,0.01
2015-05-04,0.02
2015-05-05,0.01
2015-05-06,0.02
2015-05-07,0.01
2015-05-08,0.01
2015-05-11,0.02
2015-05-12,0.03
2015-05-13,0.02
2015-05-14,0.01
2015-05-15,0.02
2015-05-18,0.02
2015-05-19,0.02
2015-05-20,0.02
2015-05-21,0.02
2015-05-22,0.02
2015-05-25,
2015-05-26,0.02
2015-05-27,0.01
2015-05-28,0.01
2015-05-29,0.01
2015-06-01,0.02
2015-06-02,0.01
2015-06-03,0.02
2015-06-04,0.02
2015-06-05,0.03
2015-06-08,0.02
2015-06-09,0.02
2015-06-10,0.02
2015-06-11,0.01
2015-06-12,0.02
2015-06-15,0.02
2015-06-16,0.01
2015-06-17,0.01
2015-06-18,0.01
2015-06-19,0.01
2015-06-22,0.01
2015-06-23,0.01
2015-06-24,0.01
2015-06-25,0.01
2015-06-26,0.01
2015-06-29,0.02
2015-06-30,0.01
2015-07-01,0.01
2015-07-02,0.01
2015-07-03,
2015-07-06,0.02
2015-07-07,0.02
2015-07-08,0.02
2015-07-09,0.03
2015-07-10,0.01
2015-07-13,0.02
2015-07-14,0.01
2015-07-15,0.02
2015-07-16,0.02
2015-07-17,0.03
2015-07-20,0.04
2015-07-21,0.03
2015-07-22,0.04
2015-07-23,0.03
2015-07-24,0.04
2015-07-27,0.05
2015-07-28,0.05
2015-07-29,0.06
2015-07-30,0.07
2015-07-31,0.08
2015-08-03,0.08
2015-08-04,0.08
2015-08-05,0.08
2015-08-06,0.04
2015-08-07,0.06
2015-08-10,0.12
2015-08-11,0.1
2015-08-12,0.1
2015-08-13,0.1
2015-08-14,0.09
2015-08-17,0.1
2015-08-18,0.07
2015-08-19,0.05
2015-08-20,0.02
2015-08-21,0.03
2015-08-24,0.06
2015-08-25,0.07
2015-08-26,0.06
2015-08-27,0.06
2015-08-28,0.06
2015-08-31,0.08
2015-09-01,0.03
2015-09-02,0.03
2015-09-03,0.02
2015-09-04,0.02
2015-09-07,
2015-09-08,0.06
2015-09-09,0.03
2015-09-10,0.02
2015-09-11,0.04
2015-09-14,0.07
2015-09-15,0.07
2015-09-16,0.06
2015-09-17,0.01
2015-09-18,-0.01
2015-09-21,0.01
2015-09-22,-0.01
2015-09-23,0.01
2015-09-24,0.01
2015-09-25,-0.01
2015-09-28,0.01
2015-09-29,0.01
2015-09-30,-0.01
2015-10-01,-0.02
2015-10-02,0.0
2015-10-05,0.01
2015-10-06,0.0
2015-10-07,0.0
2015-10-08,-0.01
2015-10-09,0.01
2015-10-12,
2015-10-13,0.01
2015-10-14,0.0
2015-10-15,0.01
2015-10-16,0.01
2015-10-19,0.02
2015-10-20,0.02
2015-10-21,0.01
2015-10-22,0.0
2015-10-23,0.01
2015-10-26,0.02
2015-10-27,0.03
2015-10-28,0.04
2015-10-29,0.07
2015-10-30,0.08
2015-11-02,0.08
2015-11-03,0.06
2015-11-04,0.05
2015-11-05,0.05
2015-11-06,0.08
2015-11-09,0.14
2015-11-10,0.13
2015-11-11,
2015-11-12,0.14
2015-11-13,0.13
2015-11-16,0.15
2015-11-17,0.14
2015-11-18,0.12
2015-11-19,0.11
2015-11-20,0.11
2015-11-23,0.14
2015-11-24,0.16
2015-11-25,0.19
2015-11-26,
2015-11-27,0.17
2015-11-30,0.22
2015-12-01,0.21
2015-12-02,0.21
2015-12-03,0.21
2015-12-04,0.22
2015-12-07,0.29
2015-12-08,0.27
2015-12-09,0.26
2015-12-10,0.24
2015-12-11,0.22
2015-12-14,0.26
2015-12-15,0.25
2015-12-16,0.27
2015-12-17,0.23
2015-12-18,0.19
2015-12-21,0.24
2015-12-22,0.21
2015-12-23,0.2
2015-12-24,0.2
2015-12-25,
2015-12-28,0.23
2015-12-29,0.23
2015-12-30,0.21
2015-12-31,0.16
2016-01-01,
2016-01-04,0.22
2016-01-05,0.2
2016-01-06,0.21
2016-01-07,0.2
2016-01-08,0.2
2016-01-11,0.21
2016-01-12,0.21
2016-01-13,0.22
2016-01-14,0.25
2016-01-15,0.23
2016-01-18,
2016-01-19,0.26
2016-01-20,0.26
2016-01-21,0.28
2016-01-22,0.3
2016-01-25,0.31
2016-01-26,0.31
2016-01-27,0.32
2016-01-28,0.34
2016-01-29,0.32
2016-02-01,0.35
2016-02-02,0.34
2016-02-03,0.33
2016-02-04,0.29
2016-02-05,0.29
2016-02-08,0.32
2016-02-09,0.3
2016-02-10,0.31
2016-02-11,0.28
2016-02-12,0.29
2016-02-15,
2016-02-16,0.3
2016-02-17,0.3
2016-02-18,0.3
2016-02-19,0.3
2016-02-22,0.33
2016-02-23,0.32
2016-02-24,0.33
2016-02-25,0.32
2016-02-26,0.32
2016-02-29,0.33
2016-03-01,0.33
2016-03-02,0.35
2016-03-03,0.27
2016-03-04,0.28
2016-03-07,0.32
2016-03-08,0.29
2016-03-09,0.3
2016-03-10,0.31
2016-03-11,0.32
2016-03-14,0.34
2016-03-15,0.34
2016-03-16,0.31
2016-03-17,0.29
2016-03-18,0.29
2016-03-21,0.31
2016-03-22,0.3
2016-03-23,0.3
2016-03-24,0.29
2016-03-25,
2016-03-28,0.29
2016-03-29,0.23
2016-03-30,0.2
2016-03-31,0.21
2016-04-01,0.23
2016-04-04,0.23
2016-04-05,0.23
2016-04-06,0.23
2016-04-07,0.23
2016-04-08,0.23
2016-04-11,0.23
2016-04-12,0.22
2016-04-13,0.23
2016-04-14,0.22
2016-04-15,0.22
2016-04-18,0.22
2016-04-19,0.21
2016-04-20,0.23
2016-04-21,0.23
2016-04-22,0.23
2016-04-25,0.25
2016-04-26,0.24
2016-04-27,0.24
2016-04-28,0.22
2016-04-29,0.22
2016-05-02,0.22
2016-05-03,0.21
2016-05-04,0.19
2016-05-05,0.2
2016-05-06,0.19
2016-05-09,0.24
2016-05-10,0.24
2016-05-11,0.26
2016-05-12,0.27
2016-05-13,0.28
2016-05-16,0.28
2016-05-17,0.28
2016-05-18,0.3
2016-05-19,0.3
2016-05-20,0.32
2016-05-23,0.35
2016-05-24,0.35
2016-05-25,0.33
2016-05-26,0.3
2016-05-27,0.31
2016-05-30,
2016-05-31,0.34
2016-06-01,0.3
2016-06-02,0.28
2016-06-03,0.29
2016-06-06,0.28
2016-06-07,0.28
2016-06-08,0.24
2016-06-09,0.25
2016-06-10,0.25
2016-06-13,0.27
2016-06-14,0.27
2016-06-15,0.26
2016-06-16,0.27
2016-06-17,0.26
2016-06-20,0.28
2016-06-21,0.27
2016-06-22,0.27
2016-06-23,0.3
2016-06-24,0.26
2016-06-27,0.27
2016-06-28,0.26
2016-06-29,0.26
2016-06-30,0.26
2016-07-01,0.27
2016-07-04,
2016-07-05,0.28
2016-07-06,0.27
2016-07-07,0.29
2016-07-08,0.27
2016-07-11,0.31
2016-07-12,0.29
2016-07-13,0.31
2016-07-14,0.31
2016-07-15,0.31
2016-07-18,0.32
2016-07-19,0.31
2016-07-20,0.32
2016-07-21,0.31
2016-07-22,0.32
2016-07-25,0.32
2016-07-26,0.31
2016-07-27,0.31
2016-07-28,0.25
2016-07-29,0.27
2016-08-01,0.29
2016-08-02,0.29
2016-08-03,0.28
2016-08-04,0.26
2016-08-05,0.27
2016-08-08,0.31
2016-08-09,0.29
2016-08-10,0.28
2016-08-11,0.28
2016-08-12,0.28
2016-08-15,0.31
2016-08-16,0.27
2016-08-17,0.3
2016-08-18,0.29
2016-08-19,0.29
2016-08-22,0.29
2016-08-23,0.3
2016-08-24,0.31
2016-08-25,0.33
2016-08-26,0.33
2016-08-29,0.33
2016-08-30,0.33
2016-08-31,0.33
2016-09-01,0.33
2016-09-02,0.32
2016-09-05,
2016-09-06,0.32
2016-09-07,0.34
2016-09-08,0.34
2016-09-09,0.34
2016-09-12,0.37
2016-09-13,0.36
2016-09-14,0.33
2016-09-15,0.29
2016-09-16,0.29
2016-09-19,0.3
2016-09-20,0.3
2016-09-21,0.22
2016-09-22,0.18
2016-09-23,0.18
2016-09-26,0.25
2016-09-27,0.26
2016-09-28,0.27
2016-09-29,0.26
2016-09-30,0.28
2016-10-03,0.32
2016-10-04,0.33
2016-10-05,0.32
2016-10-06,0.32
2016-10-07,0.32
2016-10-10,
2016-10-11,0.35
2016-10-12,0.36
2016-10-13,0.29
2016-10-14,0.31
2016-10-17,0.34
2016-10-18,0.34
2016-10-19,0.34
2016-10-20,0.34
2016-10-21,0.33
2016-10-24,0.33
2016-10-25,0.34
2016-10-26,0.33
2016-10-27,0.29
2016-10-28,0.29
2016-10-31,0.34
2016-11-01,0.35
2016-11-02,0.36
2016-11-03,0.37
2016-11-04,0.37
2016-11-07,0.41
2016-11-08,0.43
2016-11-09,0.44
2016-11-10,0.47
2016-11-11,
2016-11-14,0.54
2016-11-15,0.5
2016-11-16,0.46
2016-11-17,0.43
2016-11-18,0.43
2016-11-21,0.46
2016-11-22,0.48
2016-11-23,0.5
2016-11-24,
2016-11-25,0.48
2016-11-28,0.48
2016-11-29,0.48
2016-11-30,0.48
2016-12-01,0.47
2016-12-02,0.48
2016-12-05,0.49
2016-12-06,0.49
2016-12-07,0.51
2016-12-08,0.5
2016-12-09,0.53
2016-12-12,0.51
2016-12-13,0.54
2016-12-14,0.54
2016-12-15,0.5
2016-12-16,0.5
2016-12-19,0.52
2016-12-20,0.52
2016-12-21,0.51
2016-12-22,0.5
2016-12-23,0.51
2016-12-26,
2016-12-27,0.51
2016-12-28,0.52
2016-12-29,0.46
2016-12-30,0.5
2017-01-02,
2017-01-03,0.53
2017-01-04,0.52
2017-01-05,0.51
2017-01-06,0.52
2017-01-09,0.5
2017-01-10,0.51
2017-01-11,0.51
2017-01-12,0.51
2017-01-13,0.52
2017-01-16,
2017-01-17,0.54
2017-01-18,0.52
2017-01-19,0.51
2017-01-20,0.49
2017-01-23,0.51
2017-01-24,0.5
2017-01-25,0.49
2017-01-26,0.5
2017-01-27,0.51
2017-01-30,0.51
2017-01-31,0.52
2017-02-01,0.5
2017-02-02,0.51
2017-02-03,0.5
2017-02-06,0.53
2017-02-07,0.53
2017-02-08,0.53
2017-02-09,0.53
2017-02-10,0.54
2017-02-13,0.52
2017-02-14,0.54
2017-02-15,0.53
2017-02-16,0.52
2017-02-17,0.52
2017-02-20,
2017-02-21,0.53
2017-02-22,0.52
2017-02-23,0.51
2017-02-24,0.51
2017-02-27,0.5
2017-02-28,0.53
2017-03-01,0.62
2017-03-02,0.66
2017-03-03,0.7
2017-03-06,0.73
2017-03-07,0.75
2017-03-08,0.72
2017-03-09,0.72
2017-03-10,0.73
2017-03-13,0.78
2017-03-14,0.77
2017-03-15,0.72
2017-03-16,0.72
2017-03-17,0.72
2017-03-20,0.75
2017-03-21,0.76
2017-03-22,0.76
2017-03-23,0.75
2017-03-24,0.77
2017-03-27,0.77
2017-03-28,0.77
2017-03-29,0.77
2017-03-30,0.77
2017-03-31,0.75
2017-04-03,0.78
2017-04-04,0.78
2017-04-05,0.79
2017-04-06,0.78
2017-04-07,0.81
2017-04-10,0.81
2017-04-11,0.81
2017-04-12,0.8
2017-04-13,0.8
2017-04-14,
2017-04-17,0.82
2017-04-18,0.81
2017-04-19,0.8
2017-04-20,0.78
2017-04-21,0.78
2017-04-24,0.8
2017-04-25,0.81
2017-04-26,0.82
2017-04-27,0.8
2017-04-28,0.79
2017-05-01,0.82
2017-05-02,0.81
2017-05-03,0.84
2017-05-04,0.84
2017-05-05,0.88
2017-05-08,0.9
2017-05-09,0.9
2017-05-10,0.89
2017-05-11,0.87
2017-05-12,0.86
2017-05-15,0.89
2017-05-16,0.89
2017-05-17,0.89
2017-05-18,0.91
2017-05-19,0.9
2017-05-22,0.92
2017-05-23,0.91
2017-05-24,0.92
2017-05-25,0.92
2017-05-26,0.92
2017-05-29,
2017-05-30,0.92
2017-05-31,0.96
2017-06-01,0.96
2017-06-02,0.96
2017-06-05,0.95
2017-06-06,0.96
2017-06-07,0.98
2017-06-08,0.99
2017-06-09,0.99
2017-06-12,0.97
2017-06-13,0.99
2017-06-14,0.99
2017-06-15,1.0
2017-06-16,1.01
2017-06-19,1.01
2017-06-20,1.0
2017-06-21,0.97
2017-06-22,0.94
2017-06-23,0.95
2017-06-26,0.98
2017-06-27,0.99
2017-06-28,1.0
2017-06-29,1.02
2017-06-30,1.01
2017-07-03,1.04
2017-07-04,
2017-07-05,1.03
2017-07-06,1.02
2017-07-07,1.03
2017-07-10,1.03
2017-07-11,1.03
2017-07-12,1.03
2017-07-13,1.03
2017-07-14,1.02
2017-07-17,1.05
2017-07-18,1.05
2017-07-19,1.09
2017-07-20,1.13
2017-07-21,1.14
2017-07-24,1.15
2017-07-25,1.16
2017-07-26,1.11
2017-07-27,1.09
2017-07-28,1.06
2017-07-31,1.05
2017-08-01,1.06
2017-08-02,1.06
2017-08-03,1.06
2017-08-04,1.06
2017-08-07,1.01
2017-08-08,1.04
2017-08-09,1.04
2017-08-10,1.03
2017-08-11,1.01
2017-08-14,1.01
2017-08-15,1.02
2017-08-16,1.0
2017-08-17,0.98
2017-08-18,1.0
2017-08-21,0.99
2017-08-22,0.99
2017-08-23,0.98
2017-08-24,1.0
2017-08-25,1.01
2017-08-28,0.97
2017-08-29,1.01
2017-08-30,1.01
2017-08-31,0.99
2017-09-01,1.0
2017-09-04,
2017-09-05,1.01
2017-09-06,1.05
2017-09-07,1.03
2017-09-08,1.02
2017-09-11,1.04
2017-09-12,1.02
2017-09-13,1.02
2017-09-14,1.03
2017-09-15,1.03
2017-09-18,1.04
2017-09-19,1.03
2017-09-20,1.02
2017-09-21,1.02
2017-09-22,1.01
2017-09-25,1.04
2017-09-26,1.05
2017-09-27,1.05
2017-09-28,1.04
2017-09-29,1.04
2017-10-02,1.0
2017-10-03,1.05
2017-10-04,1.06
2017-10-05,1.05
2017-10-06,1.05
2017-10-09,
2017-10-10,1.06
2017-10-11,1.08
2017-10-12,1.07
2017-10-13,1.07
2017-10-16,1.09
2017-10-17,1.07
2017-10-18,1.07
2017-10-19,1.08
2017-10-20,1.09
2017-10-23,1.08
2017-10-24,1.1
2017-10-25,1.1
2017-10-26,1.09
2017-10-27,1.08
2017-10-30,1.1
2017-10-31,1.13
2017-11-01,1.16
2017-11-02,1.15
2017-11-03,1.16
2017-11-06,1.17
2017-11-07,1.2
2017-11-08,1.21
2017-11-09,1.22
2017-11-10,1.21
2017-11-13,1.22
2017-11-14,1.24
2017-11-15,1.23
2017-11-16,1.25
2017-11-17,1.26
2017-11-20,1.28
2017-11-21,1.28
2017-11-22,1.27
2017-11-23,
2017-11-24,1.26
2017-11-27,1.25
2017-11-28,1.28
2017-11-29,1.27
2017-11-30,1.25
2017-12-01,1.25
2017-12-04,1.28
2017-12-05,1.28
2017-12-06,1.28
2017-12-07,1.27
2017-12-08,1.26
2017-12-11,1.31
2017-12-12,1.32
2017-12-13,1.28
2017-12-14,1.3
2017-12-15,1.29
2017-12-18,1.36
2017-12-19,1.35
2017-12-20,1.36
2017-12-21,1.33
2017-12-22,1.31
2017-12-25,
2017-12-26,1.45
2017-12-27,1.42
2017-12-28,1.37
2017-12-29,1.37
2018-01-01,
2018-01-02,1.42
2018-01-03,1.39
2018-01-04,1.39
2018-01-05,1.37
2018-01-08,1.43
2018-01-09,1.42
2018-01-10,1.4
2018-01-11,1.41
2018-01-12,1.41
2018-01-15,
2018-01-16,1.43
2018-01-17,1.42
2018-01-18,1.43
2018-01-19,1.42
2018-01-22,1.43
2018-01-23,1.42
2018-01-24,1.41
2018-01-25,1.4
2018-01-26,1.39
2018-01-29,1.43
2018-01-30,1.42
2018-01-31,1.44
2018-02-01,1.46
2018-02-02,1.46
2018-02-05,1.49
2018-02-06,1.5
2018-02-07,1.53
2018-02-08,1.53
2018-02-09,1.53
2018-02-12,1.61
2018-02-13,1.57
2018-02-14,1.56
2018-02-15,1.56
2018-02-16,1.59
2018-02-19,
2018-02-20,1.64
2018-02-21,1.62
2018-02-22,1.61
2018-02-23,1.61
2018-02-26,1.65
2018-02-27,1.64
2018-02-28,1.63
2018-03-01,1.6
2018-03-02,1.62
2018-03-05,1.67
2018-03-06,1.65
2018-03-07,1.65
2018-03-08,1.64
2018-03-09,1.64
2018-03-12,1.68
2018-03-13,1.7
2018-03-14,1.73
2018-03-15,1.74
2018-03-16,1.75
2018-03-19,1.77
2018-03-20,1.78
2018-03-21,1.71
2018-03-22,1.69
2018-03-23,1.71
2018-03-26,1.76
2018-03-27,1.74
2018-03-28,1.7
2018-03-29,1.7
2018-03-30,
2018-04-02,1.74
2018-04-03,1.72
2018-04-04,1.68
2018-04-05,1.69
2018-04-06,1.7
2018-04-09,1.73
2018-04-10,1.71
2018-04-11,1.7
2018-04-12,1.72
2018-04-13,1.73
2018-04-16,1.76
2018-04-17,1.77
2018-04-18,1.78
2018-04-19,1.79
2018-04-20,1.78
2018-04-23,1.84
2018-04-24,1.84
2018-04-25,1.82
2018-04-26,1.79
2018-04-27,1.78
2018-04-30,1.84
2018-05-01,1.82
2018-05-02,1.81
2018-05-03,1.8
2018-05-04,1.8
2018-05-07,1.83
2018-05-08,1.84
2018-05-09,1.85
2018-05-10,1.86
2018-05-11,1.88
2018-05-14,1.9
2018-05-15,1.89
2018-05-16,1.88
2018-05-17,1.88
2018-05-18,1.87
2018-05-21,1.9
2018-05-22,1.9
2018-05-23,1.88
2018-05-24,1.87
2018-05-25,1.86
2018-05-28,
2018-05-29,1.9
2018-05-30,1.9
2018-05-31,1.89
2018-06-01,1.88
2018-06-04,1.91
2018-06-05,1.91
2018-06-06,1.91
2018-06-07,1.9
2018-06-08,1.89
2018-06-11,1.91
2018-06-12,1.89
2018-06-13,1.9
2018-06-14,1.9
2018-06-15,1.9
2018-06-18,1.91
2018-06-19,1.91
2018-06-20,1.9
2018-06-21,1.9
2018-06-22,1.89
2018-06-25,1.9
2018-06-26,1.9
2018-06-27,1.89
2018-06-28,1.89
2018-06-29,1.89
2018-07-02,1.95
2018-07-03,1.94
2018-07-04,
2018-07-05,1.92
2018-07-06,1.93
2018-07-09,1.95
2018-07-10,1.95
2018-07-11,1.93
2018-07-12,1.94
2018-07-13,1.94
2018-07-16,1.98
2018-07-17,1.98
2018-07-18,1.96
2018-07-19,1.96
2018-07-20,1.95
2018-07-23,1.96
2018-07-24,1.98
2018-07-25,1.97
2018-07-26,1.95
2018-07-27,1.96
2018-07-30,2.01
2018-07-31,1.99
2018-08-01,1.99
2018-08-02,1.98
2018-08-03,1.97
2018-08-06,2.02
2018-08-07,2.02
2018-08-08,2.02
2018-08-09,2.02
2018-08-10,2.01
2018-08-13,2.03
2018-08-14,2.04
2018-08-15,2.03
2018-08-16,2.03
2018-08-17,2.01
2018-08-20,2.03
2018-08-21,2.04
2018-08-22,2.05
2018-08-23,2.04
2018-08-24,2.05
2018-08-27,2.08
2018-08-28,2.09
2018-08-29,2.09
2018-08-30,2.07
2018-08-31,2.07
2018-09-03,
2018-09-04,2.09
2018-09-05,2.1
2018-09-06,2.09
2018-09-07,2.1
2018-09-10,2.11
2018-09-11,2.11
2018-09-12,2.12
2018-09-13,2.11
2018-09-14,2.12
2018-09-17,2.13
2018-09-18,2.13
2018-09-19,2.12
2018-09-20,2.13
2018-09-21,2.14
2018-09-24,2.18
2018-09-25,2.17
2018-09-26,2.16
2018-09-27,2.14
2018-09-28,2.15
2018-10-01,2.19
2018-10-02,2.19
2018-10-03,2.19
2018-10-04,2.18
2018-10-05,2.18
2018-10-08,
2018-10-09,2.21
2018-10-10,2.23
2018-10-11,2.22
2018-10-12,2.23
2018-10-15,2.27
2018-10-16,2.26
2018-10-17,2.27
2018-10-18,2.27
2018-10-19,2.26
2018-10-22,2.3
2018-10-23,2.29
2018-10-24,2.29
2018-10-25,2.29
2018-10-26,2.28
2018-10-29,2.3
2018-10-30,2.29
2018-10-31,2.29
2018-11-01,2.27
2018-11-02,2.28
2018-11-05,2.32
2018-11-06,2.31
2018-11-07,2.32
2018-11-08,2.3
2018-11-09,2.31
2018-11-12,
2018-11-13,2.34
2018-11-14,2.33
2018-11-15,2.32
2018-11-16,2.31
2018-11-19,2.34
2018-11-20,2.34
2018-11-21,2.36
2018-11-22,
2018-11-23,2.36
2018-11-26,2.37
2018-11-27,2.36
2018-11-28,2.35
2018-11-29,2.32
2018-11-30,2.32
2018-12-03,2.34
2018-12-04,2.38
2018-12-05,
2018-12-06,2.36
2018-12-07,2.35
2018-12-10,2.37
2018-12-11,2.37
2018-12-12,2.39
2018-12-13,2.38
2018-12-14,2.37
2018-12-17,2.36
2018-12-18,2.34
2018-12-19,2.35
2018-12-20,2.34
2018-12-21,2.34
2018-12-24,2.41
2018-12-25,
2018-12-26,2.39
2018-12-27,2.36
2018-12-28,2.35
2018-12-31,2.4
2019-01-01,
2019-01-02,2.37
2019-01-03,2.36
2019-01-04,2.37
2019-01-07,2.41
2019-01-08,2.41
2019-01-09,2.4
2019-01-10,2.38
2019-01-11,2.38
2019-01-14,2.4
2019-01-15,2.4
2019-01-16,2.38
2019-01-17,2.37
2019-01-18,2.36
2019-01-21,
2019-01-22,2.38
2019-01-23,2.36
2019-01-24,2.32
2019-01-25,2.34
2019-01-28,2.37
2019-01-29,2.37
2019-01-30,2.37
2019-01-31,2.36
2019-02-01,2.35
2019-02-04,2.37
2019-02-05,2.37
2019-02-06,2.37
2019-02-07,2.37
2019-02-08,2.38
2019-02-11,2.4
2019-02-12,2.38
2019-02-13,2.39
2019-02-14,2.38
2019-02-15,2.38
2019-02-18,
2019-02-19,2.41
2019-02-20,2.4
2019-02-21,2.4
2019-02-22,2.41
2019-02-25,2.42
2019-02-26,2.4
2019-02-27,2.4
2019-02-28,2.4
2019-03-01,2.39
2019-03-04,2.41
2019-03-05,2.41
2019-03-06,2.41
2019-03-07,2.4
2019-03-08,2.41
2019-03-11,2.41
2019-03-12,2.41
2019-03-13,2.4
2019-03-14,2.4
2019-03-15,2.4
2019-03-18,2.39
2019-03-19,2.41
2019-03-20,2.42
2019-03-21,2.43
2019-03-22,2.41
2019-03-25,2.41
2019-03-26,2.41
2019-03-27,2.39
2019-03-28,2.38
2019-03-29,2.35
2019-04-01,2.38
2019-04-02,2.37
2019-04-03,2.39
2019-04-04,2.39
2019-04-05,2.39
2019-04-08,2.38
2019-04-09,2.37
2019-04-10,2.38
2019-04-11,2.38
2019-04-12,2.39
2019-04-15,2.38
2019-04-16,2.38
2019-04-17,2.39
2019-04-18,2.37
2019-04-19,
2019-04-22,2.39
2019-04-23,2.4
2019-04-24,2.39
2019-04-25,2.38
2019-04-26,2.37
2019-04-29,2.39
2019-04-30,2.38
2019-05-01,2.38
2019-05-02,2.41
2019-05-03,2.38
2019-05-06,2.39
2019-05-07,2.38
2019-05-08,2.38
2019-05-09,2.38
2019-05-10,2.38
2019-05-13,2.36
2019-05-14,2.36
2019-05-15,2.37
2019-05-16,2.35
2019-05-17,2.34
2019-05-20,2.34
2019-05-21,2.34
2019-05-22,2.33
2019-05-23,2.32
2019-05-24,2.3
2019-05-27,
2019-05-28,2.32
2019-05-29,2.32
2019-05-30,2.33
2019-05-31,2.3
2019-06-03,2.3
2019-06-04,2.3
2019-06-05,2.3
2019-06-06,2.28
2019-06-07,2.23
2019-06-10,2.24
2019-06-11,2.22
2019-06-12,2.19
2019-06-13,2.14
2019-06-14,2.15
2019-06-17,2.18
2019-06-18,2.17
2019-06-19,2.13
2019-06-20,2.09
2019-06-21,2.07
2019-06-24,2.08
2019-06-25,2.07
2019-06-26,2.1
2019-06-27,2.09
2019-06-28,2.08
2019-07-01,2.16
2019-07-02,2.15
2019-07-03,2.16
2019-07-04,
2019-07-05,2.18
2019-07-08,2.21
2019-07-09,2.21
2019-07-10,2.15
2019-07-11,2.12
2019-07-12,2.1
2019-07-15,2.11
2019-07-16,2.1
2019-07-17,2.09
2019-07-18,2.01
2019-07-19,2.02
2019-07-22,2.04
2019-07-23,2.02
2019-07-24,2.05
2019-07-25,2.06
2019-07-26,2.08
2019-07-29,2.07
2019-07-30,2.04
